File_name,Paper_title,Reference,Citation,studying Children with other neurodevelopmental disabilities
Fortiva-01-Abbasi-2018-In-home-Robots-Improve-social-skills-in-children-with-autism.pdf,Biotech Innovations,Abbasi; J. (2018). Biotech Innovations. JAMA; 320(4); 329-330.,(Abbasi; 2018),N/A. The study specifically focused on children with autism spectrum disorder and did not include children with other neurodevelopmental disabilities.
Fortiva-02-Abdelmohsen-y-Arafa-2021-Training-Social-Skills-of-Children-with-ASD-Throug.pdf,Training Social Skills of Children with ASD Through Social Virtual Robot,Abdelmohsen; M.; & Arafa; Y. (2021). Training Social Skills of Children with ASD Through Social Virtual Robot. [No publication information available],(Abdelmohsen & Arafa; 2021),N/A. The study does not mention studying children with other neurodevelopmental disabilities.
Fortiva-03-Alarfaj-2016-Analysis-of-the-Use-of-a-NAO-Robot-to-Improve-Soci.pdf.pdf,Analysis of the use of a robot to improve social skills in children with autism spectrum disorder,Valadão; C. T.; Goulart; C.; Rivera; H.; Caldeira; E.; Bastos Filho; T. F.; Frizera-Neto; A.; & Carelli; R. (2016). Analysis of the use of a robot to improve social skills in children with autism spectrum disorder. Research on Biomedical Engineering; 32(2); 161-175. http://dx.doi.org/10.1590/2446-4740.01316,(Valadão et al.; 2016),No; the authors did not aim to study children with other neurodevelopmental disabilities besides ASD.
Fortiva-04-Alnajjar.-2020-Personalized-Robot-Interventions-for-Autistic-Chil.pdf,Personalized Robot Interventions for Autistic Children: An Automated Methodology for Attention Assessment,Alnajjar; F.; Cappuccio; M.; Renawi; A.; Mubin; O.; & Loo; C. K. (2020). Personalized Robot Interventions for Autistic Children: An Automated Methodology for Attention Assessment. International Journal of Social Robotics; 13; 67-82.,(Alnajjar et al.; 2020),N/A. The study only included children with ASD; not children with other neurodevelopmental disabilities.
Fortiva-05-Aqel-2020-Development-of-Color-Following-Robot-for-Interacti.pdf,Development of Color Following Robot for Interaction with Autistic Children,Aqel; M. O. A.; AlHalabi; A.; & Jabre; A. (2020). Development of Color Following Robot for Interaction with Autistic Children. Al-Azhar University-Gaza.,(Aqel et al.; 2020),N/A. The study does not mention targeting children with other neurodevelopmental disabilities.
Fortiva-06-Attawibulkul-2019-Using-a-Daily-Routine-Game-on-the-BLISS-Robot-for.pdf,Using a Daily Routine Game on the BLISS Robot for Supporting Personal-Social Development in Children with Autism and Other Special Needs,Attawibulkul; S.; Asawalertsak; N.; Suwawong; P.; Wattanapongsakul; P.; Jutharee; W.; & Kaewkamnerdpong; B. (2019). Using a Daily Routine Game on the BLISS Robot for Supporting Personal-Social Development in Children with Autism and Other Special Needs. Proceedings of the 2019 International Conference on Robotics and Automation (ICRA). IEEE.,(Attawibulkul et al.; 2019),Yes; the study included children with other special needs (not only ASD).
Fortiva-07-Bharatharaj-2017-Robot-Assisted-Therapy-for-Learning-and-Social-Int.pdf,Robot-Assisted Therapy for Learning and Social Interaction of Children with Autism Spectrum Disorder,Bharatharaj; J.; Huang; L.; Mohan; R. E.; Al-Jumaily; A.; & Krägeloh; C. (2017). Robot-Assisted Therapy for Learning and Social Interaction of Children with Autism Spectrum Disorder. Robotics; 6(1); 4.,(Bharatharaj et al.; 2017),N/A. The study did not aim at studying children with other neurodevelopmental disabilities (not ASD).
Fortiva-08-Bharatharaj-2016-Effects-of-Adapted-Model-Rival-Method-and-parrot-i.pdf,Effects of Adapted Model-Rival Method and Parrot-Inspired Robot in improving Learning and Social Interaction among Children with Autism,Bharatharaj; J.; Huang; L.; Al-Jumaily; A.; Krageloh; C.; & Elara; M. R. (2016). Effects of Adapted Model-Rival Method and Parrot-Inspired Robot in improving Learning and Social Interaction among Children with Autism. In Proceedings of the International Conference on Information; Communications; and Signal Processing (ICICS).,(Bharatharaj et al.; 2016),N/A. The study does not mention aiming to study children with other neurodevelopmental disabilities (not ASD).
Fortiva-09-Bharatharaj-2018-Social-engagement-of-children-with-autism-spectrum.pdf,Social engagement of children with autism spectrum disorder in interaction with a parrot-inspired therapeutic robot,Bharatharaj; J.; Huang; L.; Krägeloh; C.; Elara; M. R.; & Al-Jumaily; A. (2018). Social engagement of children with autism spectrum disorder in interaction with a parrot-inspired therapeutic robot. Procedia Computer Science; 133; 368-376.,(Bharatharaj et al.; 2018),N/A. The study focused specifically on children with ASD and did not include children with other neurodevelopmental disabilities.
Fortiva-10-Binotte-et-al.-2017-Control-Strategies-for-a-Robot-for-Interaction-wit.pdf.pdf,Control Strategies for a Robot for Interaction with Children with Autism Spectrum Disorder,Binotte; V.; Baldo; G.; Goulart; C.; Valadão; C.; Caldeira; E.; & Bastos; T. (2017). Control Strategies for a Robot for Interaction with Children with Autism Spectrum Disorder.,(Binotte et al.; 2017),N/A. The study focused specifically on children with ASD and did not mention other neurodevelopmental disabilities.
Fortiva-11-Boccanfuso-et-al.-2016-Emotional-robot-to-examine-different-play-patterns.pdf.pdf,Emotional Robot to Examine Different Play Patterns and Affective Responses of Children with and without ASD,Boccanfuso; L.; Barney; E.; Foster; C.; Ahn; Y. A.; Chawarska; K.; Scassellati; B.; & Shic; F. (2016). Emotional Robot to Examine Different Play Patterns and Affective Responses of Children with and without ASD. [Conference paper title not provided],(Boccanfuso et al.; 2016),N/A. The study did not aim at studying children with other neurodevelopmental disabilities (not ASD).
Fortiva-12-Bonarini-et-al.-2014-Integrating-human-robot-and-motion-based-touchless.pdf,Integrating Human-Robot and Motion-Based Touchless Interaction for Children with Intellectual Disability,Bonarini; A.; Garzotto; F.; Gelsomini; M.; & Valoriani; M. (2014; May). Integrating human-robot and motion-based touchless interaction for children with intellectual disability. In Proceedings of the 2014 International Working Conference on Advanced Visual Interfaces (pp. 341-342).,(Bonarini et al.; 2014),Yes; the target population includes children with severe intellectual disability in general; not limited to ASD.
Fortiva-13-Bonarini-et-al.-2016-Playful-interaction-with-Teo-a-Mobile-Robot-for-C.pdf,Playful interaction with Teo; a Mobile Robot for Children with Neurodevelopmental Disorders,Bonarini; A.; Clasadonte; F.; Garzotto; F.; Gelsomini; M.; & Romero; M. (2016). Playful interaction with Teo; a Mobile Robot for Children with Neurodevelopmental Disorders. In Proceedings of the 7th International Conference on Software Development and Technologies for Enhancing Accessibility and Fighting Info-exclusion (DSAI 2016).,(Bonarini et al.; 2016),Yes; the authors aimed at studying children with other neurodevelopmental disabilities (not ASD). The paper mentions children with various disorders such as Down syndrome; intellectual disability; and Prader-Willy syndrome.
Fortiva-14-Brivio-et-al.-2021-A-soft-mobile-autonomous-robot-to-develop-skills.pdf,A soft; mobile; autonomous robot to develop skills through play in autistic children,Brivio; A.; Rogacheva; K.; Lucchelli; M.; & Bonarini; A. (2021). A soft; mobile; autonomous robot to develop skills through play in autistic children. Paladyn; Journal of Behavioral Robotics; 12(1); 336-350.,(Brivio et al.; 2021),Yes; the study aimed at children with other neurodevelopmental disabilities (NDD) besides ASD.
Fortiva-15-Bugnariu-et-al.-2013-Human-robot-interaction-as-a-tool-to-evaluate-and.pdf,Human-robot interaction as a tool to evaluate and quantify motor imitation behavior in children with Autism Spectrum Disorders,Bugnariu; N.; Garver; C.; Young; C.; Rockenbach; K.; Ranatunga; I.; Beltran; M.; ... & Popa; D. (2013). Human-robot interaction as a tool to evaluate and quantify motor imitation behavior in children with Autism Spectrum Disorders.,(Bugnariu et al.; 2013),N/A - The study did not aim at studying children with other neurodevelopmental disabilities (not ASD).
Fortiva-16-Carlson-et-al.-2018-Training-Autistic-Children-on-Joint-Attention-Skil.pdf,Training Autistic Children on Joint Attention Skills with a Robot,Carlson; K.; Wong; A. H. Y.; Dung; T. A.; Wong; A. C. Y.; Tan; Y. K.; & Wykowska; A. (2018). Training Autistic Children on Joint Attention Skills with a Robot.,(Carlson et al.; 2018),N/A - The study did not aim at studying children with other neurodevelopmental disabilities (not ASD).
Fortiva-17-Casellato-et-al.-2017-Robotic-set-up-to-quantify-hand-eye-behavior-in-mo.pdf,Robotic Set-Up to Quantify Hand-Eye Behavior in Motor Execution and Learning of Children with Autism Spectrum Disorder,Casellato; C.; Gandolla; M.; Crippa; A.; & Pedrocchi; A. (2017). Robotic Set-Up to Quantify Hand-Eye Behavior in Motor Execution and Learning of Children with Autism Spectrum Disorder. In 2017 International Conference on Rehabilitation Robotics (ICORR) (pp. 1-6). IEEE.,(Casellato et al.; 2017),No; the authors did not aim at studying children with other neurodevelopmental disabilities (not ASD) in this study.
Fortiva-18-Cervera-et-al.-2019-Playful-Interaction-with-Humanoid-Robots-for-Socia.pdf,Playful Interaction with Humanoid Robots for Social Development in Autistic Children: a Pilot Study,Cervera; E.; del Pobil; A. P.; & Cabezudo; M. I. (2019). Playful Interaction with Humanoid Robots for Social Development in Autistic Children: a Pilot Study.,(Cervera et al.; 2019),N/A. The study focused exclusively on children with ASD and did not include children with other neurodevelopmental disabilities.
Fortiva-19-Chaldi-y-Mantzanidou-2021-IMPROVING-LISTENER-RESPONDING-SKILL-USING-BEE-BOT-r.pdf,IMPROVING LISTENER RESPONDING SKILL USING BEE-BOT® IN AUTISM SPECTRUM DISORDER: CASE STUDY,Chaldi; D.; & Mantzanidou; G. (2021). IMPROVING LISTENER RESPONDING SKILL USING BEE-BOT® IN AUTISM SPECTRUM DISORDER: CASE STUDY.,(Chaldi & Mantzanidou; 2021),N/A. The study did not aim at studying children with other neurodevelopmental disabilities.
Fortiva-20-Charron-et-al.-2017-A-Robotic-Therapy-Case-Study-Developing-Joint-Att.pdf,A Robotic Therapy Case Study: Developing Joint Attention Skills With a Student on the Autism Spectrum Using the NAO Robot,Charron; N.; Lewis; L.; & Craig; M. (2017). A Robotic Therapy Case Study: Developing Joint Attention Skills With a Student on the Autism Spectrum Using the NAO Robot. Journal of Educational Technology Systems; 46(1); 137-148.,(Charron et al.; 2017),N/A. The study did not aim at studying children with other neurodevelopmental disabilities.
Fortiva-21-Chevalier-et-al.-2021-iCub-Says-Do-My-Motor-Sounds-Disturb-You-Motor.pdf.pdf, iCub says: Do my motor sounds disturb you? Motor Sounds and Imitation with a Robot for Children with Autism Spectrum Disorder,Chevalier; P.; Floris; F.; Priolo; T.; De Tommaso; D.; & Wykowska; A. (2021). iCub says: Do my motor sounds disturb you? Motor Sounds and Imitation with a Robot for Children with Autism Spectrum Disorder.,(Chevalier et al.; 2021),N/A. The study did not aim at studying children with other neurodevelopmental disabilities.
Fortiva-22-Conti-et-al.-2021-An-empirical-study-on-integrating-a-small-humanoid.pdf.pdf,An empirical study on integrating a small humanoid robot to support the therapy of children with Autism Spectrum Disorder and Intellectual Disability,Conti; D.; Trubia; G.; Buono; S.; Di Nuovo; S.; & Di Nuovo; A. (2021). An empirical study on integrating a small humanoid robot to support the therapy of children with Autism Spectrum Disorder and Intellectual Disability. International Journal of Social Robotics; 13(1); 1-14.,(Conti et al.; 2021),Yes; the study aimed at studying children with intellectual disability (ID) in addition to ASD.
Fortiva-23-Costa-et-al.-2013-Where-is-Your-Nose-Developing-Body-Awareness-.pdf.pdf, Where is Your Nose? - Developing Body Awareness Skills Among Children With Autism Using a Humanoid Robot,Costa; S.; Lehmann; H.; Robins; B.; Dautenhahn; K.; & Soares; F. (2013). Where is Your Nose? - Developing Body Awareness Skills Among Children With Autism Using a Humanoid Robot. In Proceedings of the IEEE International Conference on Robotics and Automation (ICRA).,(Costa et al.; 2013),N/A. The study focused specifically on children with ASD; not other neurodevelopmental disabilities.
Fortiva-24-Costa-et-al.-2014-Building-a-game-scenario-to-encourage-children-wit.pdf.pdf,Building a Game Scenario to Encourage Children with Autism to Recognize and Label Emotions using a Humanoid Robot,Costa; S.; Soares; F.; Pereira; A. P.; Santos; C.; & Hiolle; A. (2014). Building a game scenario to encourage children with autism to recognize and label emotions using a humanoid robot. In 2014 RO-MAN: The 23rd IEEE International Symposium on Robot and Human Interactive Communication (pp. 820-825). IEEE.,(Costa et al.; 2014),N/A. The study did not aim at studying children with other neurodevelopmental disabilities.
Fortiva-25-De-Korte-et-al.-2020-Self-initiations-in-young-children-with-autism-dur.pdf,Self-initiations in young children with autism during Pivotal Response Treatment with and without robot assistance,De Korte; M. W.; van den Berk-Smeekens; I.; van Dongen-Boomsma; M.; Oosterling; I. J.; Den Boer; J. C.; Barakova; E. I.; Lourens; T.; Buitelaar; J. K.; Glennon; J. C.; & Staal; W. G. (2020). Self-initiations in young children with autism during Pivotal Response Treatment with and without robot assistance. Autism; 24(8); 2117-2128.,(De Korte et al.; 2020),N/A. The study only included children with ASD; not children with other neurodevelopmental disabilities.
Fortiva-26-Filiou-2022-Robotics-and-cbt-and-entertainment-in-the-enhancem.pdf,Robotics and cbt and entertainment in the enhancement of children with asd; mental disorders; dysfunctional emotions and irrational beliefs,Filiou; A. E. (2022). Robotics and cbt and entertainment in the enhancement of children with asd; mental disorders; dysfunctional emotions and irrational beliefs. Department of Educational and Social Policy; University of Macedonia; Thessaloniki; Greece.,(Filiou; 2022),N/A. The study focused specifically on children with ASD and did not include children with other neurodevelopmental disabilities.
Fortiva-27-Giannopulu-2013-Embedded-multimodal-nonverbal-and-verbal-interacti.pdf,Embedded Multimodal Nonverbal and Verbal Interactions Between a Mobile Toy Robot and Autistic Children,Giannopulu; I. (2013). Embedded Multimodal Nonverbal and Verbal Interactions Between a Mobile Toy Robot and Autistic Children. 2013 IEEE RO-MAN; 1-6.,(Giannopulu; 2013),N/A. The participants were children with ASD; not other neurodevelopmental disabilities.
Fortiva-28-Giannopulu-2013-B-Multimodal-Cognitive-Nonverbal-and-Verbal-Interact.pdf,Multimodal Cognitive Nonverbal and Verbal Interactions: the Neurorehabilitation of Autistic Children Via Mobile Toy Robots,Giannopulu; I. (2013). Multimodal Cognitive Nonverbal and Verbal Interactions: the Neurorehabilitation of Autistic Children Via Mobile Toy Robots. International Journal on Advances in Life Sciences; 5(3-4); 214-222.,(Giannopulu; 2013),N/A. The study did not aim at studying children with other neurodevelopmental disabilities.
Fortiva-29-Hamid-2013-Human-Robot-Interaction-HRI-For-Children-with-Au.pdf.pdf,Human-Robot Interaction (HRI) For Children with Autism to Augment Communication Skills,Hamid; A. C.; Miskam; M. A.; Yussof; H.; Shamsuddin; S.; Hashim; H.; & Ismail; L. (2013). Human-Robot Interaction (HRI) For Children with Autism to Augment Communication Skills.,(Hamid et al.; 2013),N/A. The study focused specifically on children with autism and did not include children with other neurodevelopmental disabilities.
Fortiva-30-Hamzah-et-al.-2014-Development-of-Interaction-Scenarios-Based-on-Pre-.pdf.pdf,Development of Interaction Scenarios based on Pre-School Curriculum in Robotic Intervention for Children with Autism,Hamzah; M. S. J.; Shamsuddin; S.; Miskam; M. A.; Yussof; H.; & Hashim; K. S. (2014). Development of Interaction Scenarios based on Pre-School Curriculum in Robotic Intervention for Children with Autism. Procedia Computer Science; 42; 214-221.,(Hamzah et al.; 2014),N/A. The study focuses specifically on children with autism; not other neurodevelopmental disabilities.
Fortiva-31-Hong-et-al.-2022-Phonetic-convergence-of-children-with-and-without.pdf,Phonetic convergence of children with and without autism in robot interaction,Hong; Y.; Chen; S.; Zhou; F.; & Tang; A. C. T. (2022). Phonetic convergence of children with and without autism in robot interaction. In Proceedings of the 13th International Conference of Experimental Linguistics (pp. 17-19). Paris; France.,(Hong et al.; 2022),Yes. The study included typically developing (TD) children as a comparison group to the children with ASD.
Fortiva-32-Hossain-et-al.-2020-Human-Robot-Interaction-System-for-Behavioral-Impr.pdf.pdf,Human Robot Interaction System for Behavioral Improvement of Autistic Children,Hossain; M. P.; Atikuzzaman; M.; Rahim; M. M.; Hossain; M. T.; Mousome; M. S.; & Rahaman; M. A. (2020). Human Robot Interaction System for Behavioral Improvement of Autistic Children. 2020 11th International Conference on Computing; Communication and Networking Technologies (ICCCNT); 1-6. https://doi.org/10.1109/ICCCNT49239.2020.9225561,(Hossain et al.; 2020),N/A. The study focuses specifically on children with ASD and does not mention other neurodevelopmental disabilities.
Fortiva-33-Johanna-et-al.-2021-KERO-Playable-Robotic-Platform-to-Contribute-to-No.pdf,KERO-Playable Robotic Platform to Contribute to Non-verbal Communication Teaching in Children with Autism Spectrum Disorder,Tobar; J. S.; Velasco; J. C.; Morales; J. A.; & Caicedo B.; E. (2021). KERO-Playable Robotic Platform to Contribute to Non-verbal Communication Teaching in Children with Autism Spectrum Disorder. International Journal on Advanced Science; Engineering and Information Technology; 11(4); 1554-1564.,(Tobar et al.; 2021),N/A. The study focused specifically on children with ASD; not children with other neurodevelopmental disabilities.
Fortiva-34-Kajopoulos-et-al.-2015-Robot-Assisted-Training-of-Joint-Attention-Skills.pdf,Robot-Assisted Training of Joint Attention Skills in Children Diagnosed with Autism,Kajopoulos; J.; Wong; A. H. Y.; Wong; C. Y. A.; Dung; T. A.; Kee; T. Y.; & Wykowska; A. (2015). Robot-Assisted Training of Joint Attention Skills in Children Diagnosed with Autism. In Social Robotics: 7th International Conference; ICSR 2015; Paris; France; October 26-30; 2015; Proceedings (pp. 296-305). Springer International Publishing.,(Kajopoulos et al.; 2015),N/A. The study focused specifically on children with ASD; not other neurodevelopmental disabilities.
Fortiva-35-Kim-et-al.-2014-Rapid-prototyping-framework-for-robot-assisted-tra.pdf,Rapid Prototyping Framework for Robot-assisted Training of Autistic Children,Kim; M. G.; Barakova; E.; & Lourens; T. (2014). Rapid Prototyping Framework for Robot-assisted Training of Autistic Children.,(Kim et al.; 2014),N/A. The study focused specifically on children with ASD and did not mention other neurodevelopmental disabilities.
Fortiva-36-Kim-et-al.-2021-Smiles-as-a-Signal-of-Prosocial-Behaviors-Toward-t.pdf,Smiles as a Signal of Prosocial Behaviors Toward the Robot in the Therapeutic Setting for Children With Autism Spectrum Disorder,Kim; S.; Hirokawa; M.; Matsuda; S.; Funahashi; A.; & Suzuki; K. (2021). Smiles as a Signal of Prosocial Behaviors Toward the Robot in the Therapeutic Setting for Children With Autism Spectrum Disorder. Frontiers in Robotics and AI; 8; 599755. https://doi.org/10.3389/frobt.2021.599755,(Kim et al.; 2021),Yes; the study also included typically developing (TD) children as a comparison group.
Fortiva-37-Lebersfeld-et-al.-2018-2157-The-socially-animated-machine-SAM-robot-A.pdf,The socially animated machine (SAM) robot: A social skills intervention for children with autism spectrum disorder,Lebersfeld; J.; Brasher; C. J.; Clesi; C. D.; Stevens; C. E.; Biasini; F. J.; & Hopkins; M. I. (2018). The socially animated machine (SAM) robot: A social skills intervention for children with autism spectrum disorder. University of Alabama at Birmingham.,(Lebersfeld et al.; 2018),N/A. The study focused specifically on children with ASD and did not mention other neurodevelopmental disabilities.
Fortiva-38-Lee-et-al.-2013-Robotic-system-for-eye-contact-training-of-childre.pdf,Robotic System for Eye Contact Training of Children with Autism,Lee; J. H.; Kang; H. Y.; Kim; D. H.; Choi; J. S.; & Park; S. K. (2013). Robotic System for Eye Contact Training of Children with Autism. Korea Institute of Science and Technology (KIST); Korea.,(Lee et al.; 2013),N/A. The study focused specifically on children with ASD; not children with other neurodevelopmental disabilities.
Fortiva-39-Lee-et-al.-2014-Enhancement-of-the-Communication-Effectiveness-of-.pdf.pdf,Enhancement of the Communication Effectiveness of Interactive Robots for Autism Therapy by Using Touch and Colour Feedback,Lee; J.; Takehashi; H.; Nagai; C.; Obinata; G.; & Stefanov; D. (2014). Enhancement of the Communication Effectiveness of Interactive Robots for Autism Therapy by Using Touch and Colour Feedback. Paladyn; Journal of Behavioral Robotics; 5(1); 1-11.,(Lee et al.; 2014),N/A. The study does not aim at studying children with other neurodevelopmental disabilities.
Fortiva-40-Lemaignan-et-al.-2022-Its-Important-to-Think-of-Pepper-as-a-Teaching-A.pdf, It's Important to Think of Pepper as a Teaching Aid or Resource External to the Classroom: A Social Robot in a School for Autistic Children,Lemaignan; S.; Newbutt; N.; Rice; L.; & Daly; J. (2022). It's Important to Think of Pepper as a Teaching Aid or Resource External to the Classroom: A Social Robot in a School for Autistic Children. International Journal of Social Robotics; 1-20.,(Lemaignan et al.; 2022),N/A. The study focused specifically on children with autism spectrum disorder; not other neurodevelopmental disabilities.
Fortiva-41-Li-et-al.-2020-Non-participatory-user-centered-design-of-accessib.pdf,Non-Participatory User-Centered Design of Accessible Teacher-Teleoperated Robot and Tablets for Minimally Verbal Autistic Children,Li; J.; Davison; D.; Alcorn; A.; Williams; A.; Babovic Dimitrijevic; S.; Petrovic; S.; Chevalier; P.; Schadenberg; B.; Ainger; E.; Pellicano; L.; & Evers; V. (2020). Non-Participatory User-Centered Design of Accessible Teacher-Teleoperated Robot and Tablets for Minimally Verbal Autistic Children. In The 13th PErvasive Technologies Related to Assistive Environments Conference (PETRA '20) (pp. 1-9). ACM.,(Li et al.; 2020),N/A. The study does not aim at studying children with other neurodevelopmental disabilities.
Fortiva-42-Lindsay-2020-Exploring-Skills-Gained-Through-a-Robotics-Program.pdf.pdf,Exploring Skills Gained Through a Robotics Program for Youth With Disabilities,Lindsay; S. (2020). Exploring Skills Gained Through a Robotics Program for Youth With Disabilities. OTJR: Occupation; Participation and Health; 40(1); 57-63.,(Lindsay; 2020),Yes; the study included children with other neurodevelopmental disabilities such as cerebral palsy; developmental delay; and intellectual delay.
Fortiva-43-Marathaki-et-al.-2022-Deploy-Social-Assistive-Robot-to-develop-symbolic.pdf,Deploy Social Assistive Robot to develop symbolic play and imitation skills in students with Autism Spectrum Disorder,Marathaki; K.; Feidakis; M.; Patrikakis; C.; & Agrianiti; E. (2022). Deploy Social Assistive Robot to develop symbolic play and imitation skills in students with Autism Spectrum Disorder.,(Marathaki et al.; 2022),N/A. The study focused specifically on children with ASD; not other neurodevelopmental disabilities.
Fortiva-44-Marino-et-al.-2019-Outcomes-of-a-Robot-Assisted-Social-Emotional-Unde.pdf,Outcomes of a Robot-Assisted Social-Emotional Understanding Intervention for Young Children with Autism Spectrum Disorders,Marino; F.; Chilà; P.; Sfrazzetto; S. T.; Carrozza; C.; Crimi; I.; Failla; C.; Busà; M.; Bernava; G.; Tartarisco; G.; Vagni; D.; Ruta; L.; & Pioggia; G. (2020). Outcomes of a Robot-Assisted Social-Emotional Understanding Intervention for Young Children with Autism Spectrum Disorders. Journal of Autism and Developmental Disorders; 50(6); 1973-1987.,(Marino et al.; 2020),N/A - The study did not aim at studying children with other neurodevelopmental disabilities. It focused specifically on children with ASD.
Fortiva-45-Marzano-et-al.-2021-IMPROVING-SOCIAL-COMMUNICATION-SKILLS-IN-AUTISM-SP.pdf,IMPROVING SOCIAL COMMUNICATION SKILLS IN AUTISM SPECTRUM DISORDERS USING PROGRAMMABLE TOY ROBOTS,Marzano; G.; Tambato; V.; & Zorzi; S. (2021). IMPROVING SOCIAL COMMUNICATION SKILLS IN AUTISM SPECTRUM DISORDERS USING PROGRAMMABLE TOY ROBOTS. Society. Integration. Education. Proceedings of the International Scientific Conference; 3; 178-188.,(Marzano et al.; 2021),N/A. The study focused on individuals with ASD and did not mention other neurodevelopmental disabilities.
Fortiva-46-Mavadati-et-al.-2014-Comparing-the-gaze-responses-of-children-with-auti.pdf,Comparing the Gaze Responses of Children with Autism and Typically Developed Individuals in Human-Robot Interaction,Mavadati; S. M.; Feng; H.; Gutierrez; A.; & Mahoor; M. H. (2014). Comparing the Gaze Responses of Children with Autism and Typically Developed Individuals in Human-Robot Interaction. In Proceedings of the IEEE International Conference on Robotics and Automation (ICRA).,(Mavadati et al.; 2014),N/A - The study did not aim at studying children with other neurodevelopmental disabilities besides ASD.
Fortiva-47-Miskam-et-al.-2013-Study-on-Social-Interaction-between-Children-with-.pdf.pdf,Study on Social Interaction between Children with Autism and Humanoid Robot NAO,Miskam; M. A.; Hamid; M. A. C.; Yussof; H.; Shamsuddin; S.; Malik; N. A.; & Basir; S. N. (2013). Study on Social Interaction between Children with Autism and Humanoid Robot NAO. Applied Mechanics and Materials; 393; 573-578.,(Miskam et al.; 2013),N/A. The study did not aim at studying children with other neurodevelopmental disabilities.
Fortiva-48-Moorthy-y-Pugazhenthi-2016-Imitation-based-training-to-enhance-psychomotor-sk.pdf,Imitation Based Training to Enhance Psychomotor Skills in Autistic Children Using a Snatcher Robot,Moorthy; R. S.; & Pugazhenthi; S. (2016). Imitation Based Training to Enhance Psychomotor Skills in Autistic Children Using a Snatcher Robot. SASTRA University.,(Moorthy & Pugazhenthi; 2016),No; the authors did not aim at studying children with other neurodevelopmental disabilities (not ASD) in this study.
Fortiva-49-Moorthy-y-Pugazhenthi-2016-B-Teaching-Psychomotor-Skills-to-Autistic-Children-b.pdf,Teaching Psychomotor Skills to Autistic Children by Employing a Robotic Training Kit: A Pilot Study,Moorthy; R. S.; & Pugazhenthi; S. (2016). Teaching Psychomotor Skills to Autistic Children by Employing a Robotic Training Kit: A Pilot Study. International Journal of Social Robotics; 9(1); 97-108. https://doi.org/10.1007/s12369-016-0375-6,(Moorthy & Pugazhenthi; 2016),No; the authors did not aim at studying children with other neurodevelopmental disabilities (not ASD) in this study.
Fortiva-50-Nanou-et-al.-2022-THE-SAS-STRATEGY-TRAINING-FOR-CHILDREN-WITH-ASD-IN.pdf,THE SAS STRATEGY TRAINING FOR CHILDREN WITH ASD IN INCLUSIVE EDUCATIONAL ROBOTICS ACTIVITIES,Nanou; A.; Tsiomi; E.; Oikonomou; A.; & Karampatzakis; D. (2021). The SAS Strategy Training for Children with ASD in Inclusive Educational Robotics Activities. Education. Innovation. Diversity; 2(3); 34-52. https://doi.org/10.17770/eid2021.2.6723,(Nanou et al.; 2021),N/A. The study did not aim at studying children with other neurodevelopmental disabilities.
Fortiva-51-Nie-et-al.-2018-Predicting-Response-to-Joint-Attention-Performance.pdf,Predicting response to joint attention performance in human-human interaction based on human-robot interaction for young children with autism spectrum disorder,Nie; G.; Zheng; Z.; Johnson; J.; Swanson; A. R.; Weitlauf; A. S.; Warren; Z. E.; & Sarkar; N. (2018). Predicting response to joint attention performance in human-human interaction based on human-robot interaction for young children with autism spectrum disorder. In 2018 27th IEEE International Symposium on Robot and Human Interactive Communication (RO-MAN) (pp. 1-8). IEEE.,(Nie et al.; 2018),N/A. The study focused on children with ASD; not other neurodevelopmental disabilities.
Fortiva-52-Palestra-et-al.-2017-Assistive-Robot-RGB-D-Sensor-and-Graphical-User-I.pdf.pdf,Applications of Robotics for Autism Spectrum Disorder: a Scoping Review,Santos; L.; Annunziata; S.; Geminiani; A.; Ivani; A.; Giubergia; A.; Garofalo; D.; Caglio; A.; Brazzoli; E.; Lipari; R.; Carrozza; M. C.; Ambrosini; E.; Olivieri; I.; & Pedrocchi; A. (2023). Applications of Robotics for Autism Spectrum Disorder: a Scoping Review. Review Journal of Autism and Developmental Disorders.,(Santos et al.; 2023),N/A. The paper focuses specifically on autism spectrum disorder and does not mention studies on children with other neurodevelopmental disabilities.
Fortiva-53-Papadopoulou-et-al.-2022-Efficacy-of-a-Robot-Assisted-Intervention-in-Impro.pdf.pdf,Efficacy of a Robot-Assisted Intervention in Improving Learning Performance of Elementary School Children with Specific Learning Disorders,Papadopoulou; M. T.; Karageorgiou; E.; Kechayas; P.; Geronikola; N.; Lytridis; C.; Bazinas; C.; Kourampa; E.; Avramidou; E.; Kaburlasos; V. G.; & Evangeliou; A. E. (2022). Efficacy of a Robot-Assisted Intervention in Improving Learning Performance of Elementary School Children with Specific Learning Disorders. Children; 9(8); 1155. https://doi.org/10.3390/children9081155,(Papadopoulou et al.; 2022),Yes; the study aimed at studying Children with other neurodevelopmental disabilities; specifically Specific Learning Disorders.
Fortiva-54-Park-y-Kwon-2016-I-CAN-TEACH-THEM-THE-ABILITY-OF-ROBOT-INSTRUCTORS.pdf.pdf,I CAN TEACH THEM: THE ABILITY OF ROBOT INSTRUCTORS TO COGNITIVE DISABLED CHILDREN,Park; E.; & Kwon; S. J. (2016). I CAN TEACH THEM: THE ABILITY OF ROBOT INSTRUCTORS TO COGNITIVE DISABLED CHILDREN. Journal of Psychology and Educational Research; 24(1); 101-114.,(Park & Kwon; 2016),Yes; the study aimed at studying children with cognitive disabilities.
Fortiva-55-Peng-et-al.-2018-Music-Play-Using-a-Vibraphone-with-a-Humanoid-Robo.pdf,Music Play Using a Vibraphone with a Humanoid Robot as Interaction Training for Autistic Children,Peng; Y. H.; Wang; M. L.; Mayer; N. M.; Peng; Y. F.; & Kossewska; J. (2018). Music Play Using a Vibraphone with a Humanoid Robot as Interaction Training for Autistic Children. Advances in Science; Technology and Engineering Systems Journal; 8(1); 1582.,(Peng et al.; 2018),N/A. The study focused on children with ASD and did not mention other neurodevelopmental disabilities.
Fortiva-56-Pennington-et-al.-2014-Using-Robot-Assisted-Instruction-to-Teach-Students.pdf,Using Robot-Assisted Instruction to Teach Students with Intellectual Disabilities to Use Personal Narrative in Text Messages,Pennington; R.; Saadatzi; M. N.; Welch; K. C.; & Scott; R. (2014). Using robot-assisted instruction to teach students with intellectual disabilities to use personal narrative in text messages. Focus on Autism and Other Developmental Disabilities; 29(3); 195-207.,(Pennington et al.; 2014),No; the study did not aim at studying children with other neurodevelopmental disabilities.
Fortiva-57-Pistoia-et-al.-2017-ASTRO-Autism-Support-Therapy-by-RObot-Interaction.pdf,ASTRO: Autism Support Therapy by RObot Interaction,Pistoia; M.; Pistoia; M.; & Casacci; P. (2017). ASTRO: Autism Support Therapy by RObot Interaction.,(Pistoia et al.; 2017),N/A. The study focuses specifically on children with autism spectrum disorder; not other neurodevelopmental disabilities.
Fortiva-58-Pliasa-y-Fachantidis-2021-Mobile-Technologies-Serious-Games-for-the-Developm.pdf,Mobile Technologies Serious Games for the Development of Social Skills in Children with Autism Spectrum Disorders; in Enhanced with Socially Assistive Robots Interventions,Pliasa; S.; & Fachantidis; N. (2021). Mobile Technologies Serious Games for the Development of Social Skills in Children with Autism Spectrum Disorders; in Enhanced with Socially Assistive Robots Interventions. In Unknown Conference Proceedings.,(Pliasa & Fachantidis; 2021),N/A. The study did not include children with other neurodevelopmental disabilities.
Fortiva-59-Puyon-y-Giannopulu-2013-Emergent-emotional-and-verbal-strategies-in-autism.pdf,Emergent Emotional and Verbal Strategies in Autism are Based on Multimodal Interactions with Toy Robots in Free Spontaneous Game Play,Puyon; M.; & Giannopulu; I. (2013). Emergent Emotional and Verbal Strategies in Autism are Based on Multimodal Interactions with Toy Robots in Free Spontaneous Game Play. IEEE.,(Puyon & Giannopulu; 2013),N/A. The study focused specifically on children with ASD; not other neurodevelopmental disabilities.
Fortiva-60-Perez-Vazquez-et-al.-2022-Bee-bot-robot-in-the-use-of-executive-functions-in.pdf,Bee-bot robot in the use of executive functions in students with ASD: a pilot study,Pérez-Vázquez; E.; Lorenzo Lledó; G.; & Gilabert Cerdá; A. (2022). Bee-bot robot in the use of executive functions in students with ASD: a pilot study.,(Pérez-Vázquez et al.; 2022),No; the study did not aim at studying children with other neurodevelopmental disabilities.
Fortiva-61-Qidwai-et-al.-2013-Robotic-toys-for-autistic-children-Innovative-too.pdf,Robotic Toys for Autistic Children: Innovative tools for teaching and treatment,Qidwai; U.; Shakir; M.; & Connor; O. B. (2013). Robotic Toys for Autistic Children: Innovative tools for teaching and treatment.,(Qidwai et al.; 2013),N/A. The study focused on children with ASD and did not mention other neurodevelopmental disabilities.
Fortiva-62-Qidwai-et-al.-2020-Humanoid-Robot-as-a-Teachers-Assistant-Helping-C.pdf.pdf,Humanoid Robot as a Teacher's Assistant: Helping Children with Autism to Learn Social and Academic Skills,Qidwai; U.; Kashem; S. B. A.; & Conor; O. (2020). Humanoid Robot as a Teacher's Assistant: Helping Children with Autism to Learn Social and Academic Skills. Journal of Intelligent & Robotic Systems; 98; 759-770.,(Qidwai et al.; 2020),N/A. The study focused specifically on children with ASD; not other neurodevelopmental disabilities.
Fortiva-63-Rakhymbayeva-y-Sandygulova-2021-Transfer-Learning-of-Engagement-Recognition-within.pdf,Transfer Learning of Engagement Recognition within Robot-Assisted Therapy for Children with Autism,Rakhymbayeva; N.; & Sandygulova; A. (2021). Transfer Learning of Engagement Recognition within Robot-Assisted Therapy for Children with Autism. In Proceedings of the 2021 AAAI Spring Symposium on Artificial Intelligence for K-12 Education.,(Rakhymbayeva & Sandygulova; 2021),N/A - The paper does not mention studying children with other neurodevelopmental disabilities.
Fortiva-64-Reardon-et-al.-2019-Robots-Can-Teach-Students-With-Intellectual-Disabi.pdf,Robots Can Teach Students With Intellectual Disabilities,Reardon; C.; Zhang; H.; Wright; R.; & Parker; L. E. (2019). Robots Can Teach Students With Intellectual Disabilities. IEEE Robotics & Automation Magazine; 26(2); 79-93.,(Reardon et al.; 2019),N/A - The study did not aim at studying Children with other neurodevelopmental disabilities (not ASD).
Fortiva-65-Robles-Bykbaev-et-al.-2018-A-Hybrid-Approach-Based-on-Multi-sensory-Stimulati.pdf,A Hybrid Approach Based on Multi-sensory Stimulation Rooms; Robotic Assistants and Ontologies to Provide Support in the Intervention of Children with Autism,Robles-Bykbaev; V.; Arévalo-Fernández; C.; Naranjo-Cabrera; E.; Quito-Naula; P.; Pauta-Pintado; J.; Ávila; G.; & Quezada; R. (2018). A Hybrid Approach Based on Multi-sensory Stimulation Rooms; Robotic Assistants and Ontologies to Provide Support in the Intervention of Children with Autism. In G. Di Bucchianico & P.F. Kercher (Eds.); Advances in Design for Inclusion (pp. 433-443). Springer International Publishing.,(Robles-Bykbaev et al.; 2018),N/A. The paper does not mention studying children with other neurodevelopmental disabilities.
Fortiva-66-Sakka-y-Gaboriau-2017-A-Robotic-Puppet-Master-Application-to-ASD-Thera.pdf.pdf,A Robotic Puppet Master Application to ASD Therapeutic Support,Sakka; S.; & Gaboriau; R. (2017). A Robotic Puppet Master Application to ASD Therapeutic Support.,(Sakka & Gaboriau; 2017),N/A. The study did not aim at studying children with other neurodevelopmental disabilities.
Fortiva-67-Sandygulova-et-al.-2019-Interaction-design-and-methodology-of-robot-assist.pdf,Interaction design and methodology of robot-assisted therapy for children with severe ASD and ADHD,Sandygulova; A.; Zhexenova; Z.; Tleubayev; B.; Nurakhmetova; A.; Zhumabekova; D.; Assylgali; I.; Rzagaliyev; Y.; & Zhakenova; A. (2019). Interaction design and methodology of robot-assisted therapy for children with severe ASD and ADHD. Paladyn; Journal of Behavioral Robotics; 10(1); 336-345.,(Sandygulova et al.; 2019),Yes; the study also aimed at studying children with Attention Deficit Hyperactivity Disorder (ADHD).
Fortiva-68-Sartorato-et-al.-2017-Improving-therapeutic-outcomes-in-autism-spectrum.pdf,Improving therapeutic outcomes in autism spectrum disorders: Enhancing social communication and sensory processing through the use of interactive robots,Sartorato; F.; Przybylowski; L.; & Sarko; D. K. (2017). Improving therapeutic outcomes in autism spectrum disorders: Enhancing social communication and sensory processing through the use of interactive robots. Journal of Psychiatric Research; 90; 1-11.,(Sartorato et al.; 2017),N/A. The paper does not mention studying children with other neurodevelopmental disabilities besides ASD.
Fortiva-69-Scassellati-et-al.-2018-Improving-social-skills-in-children-with-ASD-using.pdf,Improving social skills in children with ASD using a long-term; in-home social robot,Scassellati; B.; Boccanfuso; L.; Huang; C. M.; Mademtzi; M.; Qin; M.; Salomons; N.; Ventola; P.; & Shic; F. (2018). Improving social skills in children with ASD using a long-term; in-home social robot. Science Robotics; 3(21); eaat7544.,(Scassellati et al.; 2018),N/A. The study did not aim at studying children with other neurodevelopmental disabilities.
Fortiva-70-Shah-et-al.-2023-The-effect-of-a-social-robot-mediator-on-speech-ch.pdf,The effect of a social robot mediator on speech characteristics of children with Autism Spectrum Disorder,Shah; A.; Kondaurova; M.; Mishra; R.; Pennington; R.; & Welch; K. C. (2023). The effect of a social robot mediator on speech characteristics of children with Autism Spectrum Disorder. The Journal of the Acoustical Society of America; 153(3); A183-A183.,(Shah et al.; 2023),N/A. The study focused specifically on children with ASD; not other neurodevelopmental disabilities.
Fortiva-71-She-y-Ren-2021-Enhance-the-Language-Ability-of-Humanoid-Robot-NAO.pdf,Enhance the Language Ability of Humanoid Robot NAO through Deep Learning to Interact with Autistic Children,She; T.; & Ren; F. (2021). Enhance the Language Ability of Humanoid Robot NAO through Deep Learning to Interact with Autistic Children. Electronics; 10(19); 2393.,(She & Ren; 2021),N/A. The study does not mention aiming at studying children with other neurodevelopmental disabilities.
Fortiva-72-Shimaya-et-al.-2016-Advantages-of-indirect-conversation-via-a-desktop.pdf,Advantages of Indirect Conversation via a Desktop Humanoid Robot: Case Study on Daily Life Guidance for Adolescents with Autism Spectrum Disorders,Shimaya; J.; Yoshikawa; Y.; Matsumoto; Y.; Kumazaki; H.; Ishiguro; H.; Mimura; M.; & Miyao; M. (2016). Advantages of Indirect Conversation via a Desktop Humanoid Robot: Case Study on Daily Life Guidance for Adolescents with Autism Spectrum Disorders. IEEE International Conference on Robotics and Automation (ICRA).,(Shimaya et al.; 2016),N/A. The study did not aim at studying children with other neurodevelopmental disabilities.
Fortiva-73-Shimaya-et-al.-2018-Communication-Support-via-a-Tele-Operated-Robot-fo.pdf.pdf,Communication Support via a Tele-Operated Robot for Easier Talking: Case/Laboratory Study of Individuals with/Without Autism Spectrum Disorder,Shimaya; J.; Yoshikawa; Y.; Kumazaki; H.; Matsumoto; Y.; Miyao; M.; & Ishiguro; H. (2019). Communication Support via a Tele-Operated Robot for Easier Talking: Case/Laboratory Study of Individuals with/Without Autism Spectrum Disorder. International Journal of Social Robotics; 11(1); 171-184.,(Shimaya et al.; 2019),N/A. The study did not aim at studying children with other neurodevelopmental disabilities.
Fortiva-74-Silva-et-al.-2023-Social-Stories-for-Promoting-Social-Communication.pdf,Social Stories for Promoting Social Communication with Children with Autism Spectrum Disorder Using a Humanoid Robot: Step-by-Step Study,Silva; V.; Pereira; A. P.; Soares; F.; Leão; C. P.; Jurdi; A.; Esteves; J. S.; & Hertzberg; J. (2023). Social Stories for Promoting Social Communication with Children with Autism Spectrum Disorder Using a Humanoid Robot: Step-by-Step Study. Technology; Knowledge and Learning. https://doi.org/10.1007/s10758-023-09680-w,(Silva et al.; 2023),N/A - The study did not aim at studying children with other neurodevelopmental disabilities.
Fortiva-75-Silvera-Tawil-et-al.-2018-Talk-to-Me-The-Role-of-Human-Robot-Interaction-in.pdf,Talk to me: The role of human-robot interaction in improving verbal communication skills in students with Autism or Intellectual Disability,Silvera-Tawil; D.; Roberts-Yates; C.; & Bradford; D. K. (2018). Talk to me: The role of human-robot interaction in improving verbal communication skills in students with Autism or Intellectual Disability.,(Silvera-Tawil et al.; 2018),Yes; the study aimed at studying children with other neurodevelopmental disabilities; specifically intellectual disabilities.
Fortiva-76-Soleiman-et-al.-2014-RoboParrot-A-robotic-platform-for-human-robot-int.pdf,RoboParrot: A Robotic Platform for Human Robot Interaction; case of Autistic Children,Soleiman; P.; Salehi; S.; Mahmoudi; M.; Ghavami; M.; Moradi; H.; & Pouretemad; H. (2014). RoboParrot: A Robotic Platform for Human Robot Interaction; case of Autistic Children. 2014 Second RSI/ISM International Conference on Robotics and Mechatronics (ICRoM); 76-81.,(Soleiman et al.; 2014),No; the study did not include children with other neurodevelopmental disabilities besides ASD.
Fortiva-77-Subramani-et-al.-2017-Development-of-a-Robotic-Motor-Skills-Assessment-S.pdf.pdf,Development of a Robotic Motor Skills Assessment System for Children With Autism,Subramani; G.; Fisher; A. M.; Bittmann; M. F.; Mason; A. H.; Travers; B. G.; & Zinn; M. R. (2017). Development of a Robotic Motor Skills Assessment System for Children With Autism. Conference Paper; April 2017. https://doi.org/10.1115/DMD2017-3447,(Subramani et al.; 2017),N/A. The study does not aim at studying children with other neurodevelopmental disabilities; focusing specifically on children with autism.
Fortiva-78-Taheri-2016.-Social-Robots-and-Teaching-Music-to-Autistic-Child.pdf.pdf,Social Robots and Teaching Music to Autistic Children: Myth or Reality?,Taheri; A.; Meghdari; A.; Alemi; M.; Pouretemad; H.; Poorgoldooz; P.; & Roohbakhsh; M. (2016). Social Robots and Teaching Music to Autistic Children: Myth or Reality?. In International Conference on Social Robotics (pp. 541-550). Springer; Cham.,(Taheri et al.; 2016),N/A. All participants had autism spectrum disorder. The study did not include children with other neurodevelopmental disabilities.
Fortiva-79-Taheri-et-al.-2017-Teaching-music-to-children-with-autism-A-social-r.pdf,Teaching music to children with autism: A social robotics challenge,Taheri; A.; Meghdari; A.; Alemi; M.; & Pouretemad; H. R. (2019). Teaching music to children with autism: A social robotics challenge. Scientia Iranica; 26(Special Issue on: Socio-Cognitive Engineering); 40-58.,(Taheri et al.; 2019),N/A. The study did not aim at studying children with other neurodevelopmental disabilities.
Fortiva-80-Taheri-et-al.-2017-B-Human-Robot-Interaction-in-Autism-Treatment-A-Cas.pdf.pdf,Human-Robot Interaction in Autism Treatment: A Case Study on Three Pairs of Autistic Children as Twins; Siblings; and Classmates,Taheri; A.; Meghdari; A.; Alemi; M.; & Pouretemad; H. (2018). Human-Robot Interaction in Autism Treatment: A Case Study on Three Pairs of Autistic Children as Twins; Siblings; and Classmates. International Journal of Social Robotics; 10(1); 93-113.,(Taheri et al.; 2018),N/A. The study did not aim at studying children with other neurodevelopmental disabilities (not ASD).
Fortiva-81-Talaei-Khoei-2017-Use-of-Lean-Robotic-Communication-to-Improve-Socia.pdf,Use of Lean Robotic Communication to Improve Social Response of Children with Autism,Talaei-Khoei; A.; Kaul; M.; Lewis; L.; Daniel; J.; & Sharma; R. (2017). Use of Lean Robotic Communication to Improve Social Response of Children with Autism. In Proceedings of the 50th Hawaii International Conference on System Sciences.,(Talaei-Khoei et al.; 2017),N/A. The study did not include children with other neurodevelopmental disabilities; only one child with ASD.
Fortiva-82-Tartarisco-et-al.-2022-Exploring-behavioural-and-physiological-interactio.pdf.pdf,Exploring behavioural and physiological interactions in a group-based emotional skill social robotic training for autism spectrum disorders,Tartarisco; G.; Bruschetta; R.; Marino; F.; Minutoli; R.; Caprì; T.; Chilà; P.; Failla; C.; Puglisi; A.; Arnao; A. A.; Cerasa; A.; & Pioggia; G. (2022). Exploring behavioural and physiological interactions in a group-based emotional skill social robotic training for autism spectrum disorders. 2022 IEEE Conference on Evolving and Adaptive Intelligent Systems (EAIS); 1-6. https://doi.org/10.1109/CECCME55909.2022.9988169,(Tartarisco et al.; 2022),N/A. The study focused specifically on children with ASD; not other neurodevelopmental disabilities.
Fortiva-83-Tobar-et-al.-2021-Portable-Robotic-Modular-Kit-for-Teaching-Gestures.pdf,Portable Robotic Modular Kit for Teaching Gestures in Children with ASD,Tobar; J.; Delgado; J.; Muñoz; B.; Bacca; B.; & Caicedo; E. (2021). Portable Robotic Modular Kit for Teaching Gestures in Children with ASD. In Social Robotics (pp. 217-225). Springer International Publishing.,(Tobar et al.; 2021),N/A. The study focused specifically on children with ASD; not other neurodevelopmental disabilities.
Fortiva-84-Tuna-2022-Inclusive-Education-for-Young-Children-with-Autism.pdf,Inclusive Education for Young Children with Autism Spectrum Disorder: Use of Humanoid Robots and Virtual Agents to Alleviate Symptoms and Improve Skills; and A Pilot Study,Tuna; A. (2022). Inclusive Education for Young Children with Autism Spectrum Disorder: Use of Humanoid Robots and Virtual Agents to Alleviate Symptoms and Improve Skills; and A Pilot Study. Research Paper.,(Tuna; 2022),N/A. The study does not mention focusing on children with other neurodevelopmental disabilities.
Fortiva-85-Wanglavan-et-al.-2019-The-Development-of-Attention-Detection-Model-from.pdf,The Development of Attention Detection Model from Child Behavior for Robot-Assisted Autism Therapy,Wanglavan; P.; Jutharee; W.; Maneewarn; T.; & Kaewkamnerdpong; B. (2019). The Development of Attention Detection Model from Child Behavior for Robot-Assisted Autism Therapy.,(Wanglavan et al.; 2019),N/A. The study does not mention studying children with other neurodevelopmental disabilities. The focus is specifically on children with autism.
Fortiva-86-Welch-et-al.-2023-Using-Physiological-Signals-and-Machine-Learning-A.pdf,Using Physiological Signals and Machine Learning Algorithms to Measure Attentiveness During Robot-Assisted Social Skills Intervention: A Case Study of Two Children with Autism Spectrum Disorder,Welch; K. C.; Pennington; R.; Vanaparthy; S.; Do; H. M.; Narayanan; R.; Popa; D.; Barnes; G.; & Kuravackel; G. (2023). Using Physiological Signals and Machine Learning Algorithms to Measure Attentiveness During Robot-Assisted Social Skills Intervention: A Case Study of Two Children with Autism Spectrum Disorder. IEEE Instrumentation & Measurement Magazine; 26(3); 1-10.,(Welch et al.; 2023),N/A. The study focused on children with ASD; not other neurodevelopmental disabilities.
Fortiva-87-Wood-et-al.-2017-Developing-child-robot-interaction-scenarios-with.pdf,Developing Child-Robot Interaction Scenarios with a Humanoid Robot to Assist Children with Autism in Developing Visual Perspective Taking Skills,Wood; L.; Dautenhahn; K.; Robins; B.; & Zaraki; A. (2017). Developing Child-Robot Interaction Scenarios with a Humanoid Robot to Assist Children with Autism in Developing Visual Perspective Taking Skills.,(Wood et al.; 2017),N/A - The study does not aim at studying children with other neurodevelopmental disabilities (not ASD).
Fortiva-88-Wood-et-al.-2019-Developing-a-protocol-and-experimental-setup-for-u.pdf.pdf,Developing a protocol and experimental setup for using a humanoid robot to assist children with autism to develop visual perspective taking skills,Wood; L. J.; Robins; B.; Lakatos; G.; Syrdal; D. S.; Zaraki; A.; & Dautenhahn; K. (2019). Developing a protocol and experimental setup for using a humanoid robot to assist children with autism to develop visual perspective taking skills. Paladyn; Journal of Behavioral Robotics; 10(1); 167-179.,(Wood et al.; 2019),N/A. The study only included children with ASD; not children with other neurodevelopmental disabilities.
Fortiva-89-Yin-y-Tung-2013-Design-and-Evaluation-of-Applying-Robots-to-Assist.pdf.pdf,Design and Evaluation of Applying Robots to Assisting and Inducing Children with Autism in Social Interaction,Yin; T. C.; & Tung; F. W. (2013; July). Design and evaluation of applying robots to assisting and inducing children with autism in social interaction. In International Conference on Human-Computer Interaction (pp. 524-533). Springer; Berlin; Heidelberg.,(Yin & Tung; 2013),N/A. The study did not aim at studying children with other neurodevelopmental disabilities (not ASD).
Fortiva-90-Yousif-2021-Humanoid-Robot-Enhancing-Social-and-Communication-.pdf.pdf,Humanoid Robot Enhancing Social and Communicate Skills of Autistic Children: Review,Shahriar; S. M. S.; Al-Abdulsalam; A. W.; Al-Farsi; K. I.; & Yousif; M. J. (2021). Humanoid Robot Enhancing Social and Communicate Skills of Autistic Children: Review. Artificial Intelligence & Robotics Development Journal; 1(2); 80-92.,(Shahriar et al.; 2021),N/A. The study only focused on children with ASD; not other neurodevelopmental disabilities.
Fortiva-91-Yun-et-al.-2014-A-robotic-treatment-approach-to-promote-social-int.pdf,A Robotic Treatment Approach to promote Social Interaction Skills for Children with Autism Spectrum Disorders,Yun; S. S.; Park; S. K.; & Choi; J. (2014). A robotic treatment approach to promote social interaction skills for children with autism spectrum disorders. In Proceedings of the IEEE International Conference on Robotics and Automation (ICRA).,(Yun et al.; 2014),N/A. The study did not aim at studying children with other neurodevelopmental disabilities.
Fortiva-92-Yun-et-al.-2016-Robotic-behavioral-intervention-to-facilitate-eye.pdf,Robotic Behavioral Intervention to Facilitate Eye Contact and Reading Emotions of Children with Autism Spectrum Disorders,Yun; S. S.; Choi; J.; & Park; S. K. (2016). Robotic behavioral intervention to facilitate eye contact and reading emotions of children with autism spectrum disorders. IFAC-PapersOnLine; 49(19); 581-586.,(Yun et al.; 2016),N/A. The study only included children with ASD and did not include children with other neurodevelopmental disabilities.
Fortiva-93-Zamin-2019-Jawi-Alphabot-A-Jawi-Teaching-Robot-for-Children.pdf,Jawi Alphabot: A Jawi Teaching Robot for Children with Autism,Zamin; N.; Norwawi; N. M.; Arshad; N. I.; & Ismail; M. A. A. (2019). Jawi Alphabot: A Jawi Teaching Robot for Children with Autism. International Journal of Advanced Trends in Computer Science and Engineering; 8(1.4); 93-98. https://doi.org/10.30534/ijatcse/2019/5581.42019,(Zamin et al.; 2019),N/A. The study focused specifically on children with ASD; not other neurodevelopmental disabilities.
Fortiva-94-Zanatta-et-al.-2023-Combining-robot-assisted-therapy-with-virtual-real.pdf.pdf,Combining robot-assisted therapy with virtual reality or using it alone? A systematic review on health-related quality of life in neurological patients,Zanatta; F.; Farhane-Medina; N. Z.; Adorni; R.; Steca; P.; Giardini; A.; D'Addario; M.; & Pierobon; A. (2023). Combining robot-assisted therapy with virtual reality or using it alone? A systematic review on health-related quality of life in neurological patients. Health and Quality of Life Outcomes; 21(1); 18.,(Zanatta et al.; 2023),N/A. The study did not aim to study children with other neurodevelopmental disabilities. It was a systematic review on the effects of robot-assisted therapy and virtual reality on health-related quality of life in neurological patients.
Fortiva-95-Zhanatkyzy-et-al.-2020-Quantitative-Results-of-Robot-Assisted-Therapy-for.pdf,Quantitative Results of Robot-Assisted Therapy for Children with Autism; ADHD and Delayed Speech Development,Zhanatkyzy; A.; Telisheva; Z.; Turarova; A.; Zhexenova; Z.; & Sandygulova; A. (2020). Quantitative Results of Robot-Assisted Therapy for Children with Autism; ADHD and Delayed Speech Development. In Companion of the 2020 ACM/IEEE International Conference on Human-Robot Interaction (HRI '20 Companion); March 23-26; 2020; Cambridge; United Kingdom. ACM; New York; NY; USA; 2 pages. https://doi.org/10.1145/3371382.3378254,(Zhanatkyzy et al.; 2020),Yes. The paper studies children with ADHD and Delayed Speech Development (DSD) in addition to ASD.
Fortiva-96-Simlesa-et-al.-2022-Imitation-focus-of-attention-and-social-behaviour.pdf,Imitation; focus of attention and social behaviours of children with autism spectrum disorder in interaction with robots,Šimleša; S.; Stošić; J.; Bilić; I.; & Cepanec; M. (2022). Imitation; focus of attention and social behaviours of children with autism spectrum disorder in interaction with robots. Interaction Studies; 1-20.,(Šimleša et al.; 2022),Yes; the study included a control group of 12 typically developing (TD) children without ASD or other medical conditions.
